Categorie,Naam,Beschrijving
Men's Outdoor Tops & Tees,Niet beschikbaar,Niet beschikbaar
Men's Outdoor Tops & Tees,Niet beschikbaar,Niet beschikbaar
Men's Outdoor Tops & Tees,Niet beschikbaar,Niet beschikbaar
Men's Outdoor Tops & Tees,Niet beschikbaar,Niet beschikbaar
Men's Outdoor Tops & Tees,Niet beschikbaar,Niet beschikbaar
Men's Outdoor Tops & Tees,Niet beschikbaar,Niet beschikbaar
Men's Outdoor Tops & Tees,Niet beschikbaar,Niet beschikbaar
Men's Outdoor Tops & Tees,Niet beschikbaar,Niet beschikbaar
Men's Outdoor Tops & Tees,Niet beschikbaar,Niet beschikbaar
Men's Outdoor Tops & Tees,Mens T Shirts Loose Fit Mens Medieval Costume Halloween Tunic Vintage Shirts Extra Long T Shirts for Men,"['Designed To Be Lightweight Without The Bulk, Perfect For Working Out, Running Errands Or Lounging', ""Occasion: Casual, Travel, Daily Life, Party, Office, School, Home, Holiday, Party. It's Suitable To Wear In Spring, Summer, Fall"", 'Regular Fit, Soft and Comfortable. For Women and Juniors.', ': Perfect With Jeans,Leggings, Shorts, Yoga Pants, Casual Trousers, Sweater Chain, Scarf, Necklace, Boots, Heels, Jacket Or Coats And So On.', 'We Suggest Wash By Hand And Do Not Bleach Or Use Hot Water.']"
Men's Outdoor Tops & Tees,Sleeve Men T Shirt with Sht Music Band Hollywood Undead Novelty Cool Tops Men Sht T Shirt Fashion,"['Comfortable and chic - Who said workout clothes should be boring? This T-shirt combines style and comfort to create the ultimate activewear.', 'Breathable material: The graphic T-shirt is made of soft, stretchy and breathable material. It does not allow perspiration to build up during exercise.', 'Loose wide cut – this running shirt is designed to be loose and wide, allowing freedom of movement during times of activity and sports.', 'Improved moisture wicking fabric helps keep you dry and comfortable.', 'Sweat-wicking fabric for a wide range of motion and excellent ventilation.']"
Men's Outdoor Tops & Tees,Ellesse medauno thee uniseks-volwassene t-shirt (1-Pack),"['T-shirt Meduno convinces with a modern look', 'Ellesse offers durable wearing comfort and high quality at a fair price.', ""Modern look and comfortable fit. The Meduno T-shirt has everything that men's T-shirts should have.""]"
Men's Outdoor Tops & Tees,Niet beschikbaar,Niet beschikbaar
Men's Outdoor Tops & Tees,Niet beschikbaar,Niet beschikbaar
Men's Outdoor Tops & Tees,Niet beschikbaar,Niet beschikbaar
Men's Outdoor Tops & Tees,Niet beschikbaar,Niet beschikbaar
Men's Outdoor Tops & Tees,"Under Armour Sportstyle Left Chest, Super Soft Men's T-Shirt for Training and Fitness, Quick-Drying T-Shirt for Men with Graphic Men","[""Men's UA Sportstyle T-shirt with logo on left chest"", 'For men', '1326799-390-xs']"
Men's Outdoor Tops & Tees,Niet beschikbaar,Niet beschikbaar
Men's Outdoor Tops & Tees,Niet beschikbaar,Niet beschikbaar
Men's Outdoor Tops & Tees,Niet beschikbaar,Niet beschikbaar
Men's Outdoor Tops & Tees,Niet beschikbaar,Niet beschikbaar
Men's Outdoor Tops & Tees,Niet beschikbaar,Niet beschikbaar
Men's Outdoor Tops & Tees,Personalized VHS Tape Floppy Disc T-shirt,"['Comfortabel en chique - Wie zei dat trainingskleding saai moet zijn? Dit T-shirt combineert stijl en comfort om de ultieme activewear te creëren.', 'Ademend materiaal: het grafische T-shirt is gemaakt van zacht, rekbaar en ademend materiaal. Het laat geen transpiratie opbouwen tijdens het sporten.', 'Losse, brede snit – dit hardloopshirt is ontworpen om los en breed te zijn, waardoor bewegingsvrijheid tijdens tijden van activiteit en sport mogelijk is.', 'Verbeterde vochtafvoerende stof helpt je droog en comfortabel te houden.', 'Zweetafvoerende stof voor een breed bewegingsbereik en uitstekende ventilatie.']"
Men's Outdoor Tops & Tees,Niet beschikbaar,Niet beschikbaar
Men's Outdoor Tops & Tees,Niet beschikbaar,Niet beschikbaar
Men's Outdoor Tops & Tees,adidas Tr-es+ Bl Log T Men's Short Sleeve T-Shirt,"[""Men's Athletics and Running T-Shirt"", 'Sportswear blue from the brand Adidas', 'T-shirt TR-ES+ BL LOG T AZUOSC', 'Adidas brand sports products are designed so that you can enjoy your favorite sport without worrying about anything other than doing the best', 'Sportswear made of high-quality materials for any sporting activity']"
Men's Outdoor Tops & Tees,Niet beschikbaar,Niet beschikbaar
Men's Outdoor Tops & Tees,Niet beschikbaar,Niet beschikbaar
Men's Outdoor Tops & Tees,Niet beschikbaar,Niet beschikbaar
Men's Outdoor Tops & Tees,Venum Adult T-shirt Giant,"['#Name?', 'Material: 100% high-quality cotton']"
Men's Outdoor Tops & Tees,Niet beschikbaar,Niet beschikbaar
Men's Outdoor Tops & Tees,Niet beschikbaar,Niet beschikbaar
Men's Outdoor Tops & Tees,Men and Kids Home Football Shirt Kids Shirt Set Men's New Season Home Shirt Crew Neck Top Tee Yellow,"['Ronaldo football shirt for the new season, adult sizes designed for both men and children', 'Men and children home for you to choose, choose your favorite players and cheer them on. Wear the pride of your culb and may your team win!', 'Superior design with machine washable, does not fade, soft and unique design to maximize comfort', 'The football uniforms are made of polyester. Breathable, sweat-absorbent, elastic, durable. Suitable for children, adolescents and adults, boys and girls, men and women', 'Ronaldo shirt for fans, it will be great to wear the sweater of your favorite team, whether you want to watch a match or play in it on the field.']"
Men's Outdoor Tops & Tees,Niet beschikbaar,Niet beschikbaar
Men's Outdoor Tops & Tees,Niet beschikbaar,Niet beschikbaar
Men's Outdoor Tops & Tees,Niet beschikbaar,Niet beschikbaar
Men's Outdoor Tops & Tees,Niet beschikbaar,Niet beschikbaar
Men's Outdoor Tops & Tees,"FULL TIME SPORTS Tech breathable sports shirts made of 100% polyester, black / grey","['100% polyester', 'T-shirt with round neckline, FTS unique blended fabric, light stretch for wearing comfort.', 'Machine washable, non-iron.', 'Pack of 6. Machine washable, non-iron. Regular fit, ribbed crew neck. Pack of 6.', 'Please check our size chart on the left for accurate measurements.']"
Men's Outdoor Tops & Tees,Niet beschikbaar,Niet beschikbaar
Men's Outdoor Tops & Tees,Niet beschikbaar,Niet beschikbaar
Men's Outdoor Tops & Tees,Niet beschikbaar,Niet beschikbaar
Men's Outdoor Tops & Tees,Niet beschikbaar,Niet beschikbaar
Men's Outdoor Tops & Tees,Niet beschikbaar,Niet beschikbaar
Men's Outdoor Tops & Tees,Niet beschikbaar,Niet beschikbaar
Men's Outdoor Tops & Tees,Niet beschikbaar,Niet beschikbaar
Men's Outdoor Tops & Tees,Niet beschikbaar,Niet beschikbaar
Men's Outdoor Tops & Tees,Niet beschikbaar,Niet beschikbaar
Men's Outdoor Tops & Tees,Niet beschikbaar,Niet beschikbaar
Men's Outdoor Gloves,Niet beschikbaar,Niet beschikbaar
Men's Outdoor Gloves,Niet beschikbaar,Niet beschikbaar
Men's Outdoor Gloves,Niet beschikbaar,Niet beschikbaar
Men's Outdoor Gloves,Niet beschikbaar,Niet beschikbaar
Men's Outdoor Gloves,Niet beschikbaar,Niet beschikbaar
Men's Outdoor Gloves,Niet beschikbaar,Niet beschikbaar
Men's Outdoor Gloves,Niet beschikbaar,Niet beschikbaar
Men's Outdoor Gloves,Niet beschikbaar,Niet beschikbaar
Men's Outdoor Gloves,Niet beschikbaar,Niet beschikbaar
Men's Outdoor Gloves,Niet beschikbaar,Niet beschikbaar
Men's Outdoor Gloves,Niet beschikbaar,Niet beschikbaar
Men's Outdoor Gloves,Niet beschikbaar,Niet beschikbaar
Men's Outdoor Gloves,Niet beschikbaar,Niet beschikbaar
Men's Outdoor Gloves,Niet beschikbaar,Niet beschikbaar
Men's Outdoor Gloves,"ERBO Motorcycle Gloves for Men Touch Screen Motorcycle Gloves for Women Winter for Skiing, Mountain Biking, Motocross Climbing, Hiking and Other Outdoor Sports (Size L)","['Specification size: size L, length 29cm, glove width: 20cm, four-finger snap measurement: 24cm,', 'Touchscreen function: The winter gloves are equipped with a touchscreen function, so you can get the best comfort when wearing gloves. The tactical touchscreen gloves allow you to use your mobile phone or tablet as usual.', 'Perfect grip and control: wear-resistant silicone gel in the palm area, raises the handle on the steering wheel to ensure greater control and safety.', 'Warm and windproof: the winter gloves have a thick lined fleece design, windproof cuffs and an adjustable Velcro closure to keep your palms warm when you are on the road in winter.', 'Gift choice: the simple and generous design of these motorcycle gloves makes them a great winter gift for men, women and children.']"
Men's Outdoor Gloves,Niet beschikbaar,Niet beschikbaar
Men's Outdoor Gloves,Niet beschikbaar,Niet beschikbaar
Men's Outdoor Gloves,Niet beschikbaar,Niet beschikbaar
Men's Outdoor Gloves,Niet beschikbaar,Niet beschikbaar
Men's Outdoor Gloves,Niet beschikbaar,Niet beschikbaar
Men's Outdoor Gloves,Niet beschikbaar,Niet beschikbaar
Men's Outdoor Gloves,Niet beschikbaar,Niet beschikbaar
Men's Outdoor Gloves,Niet beschikbaar,Niet beschikbaar
Men's Outdoor Gloves,Niet beschikbaar,Niet beschikbaar
Men's Outdoor Gloves,Niet beschikbaar,Niet beschikbaar
Men's Outdoor Gloves,Niet beschikbaar,Niet beschikbaar
Men's Outdoor Gloves,Niet beschikbaar,Niet beschikbaar
Men's Outdoor Gloves,Niet beschikbaar,Niet beschikbaar
Men's Outdoor Gloves,Niet beschikbaar,Niet beschikbaar
Men's Outdoor Gloves,Niet beschikbaar,Niet beschikbaar
Men's Outdoor Gloves,Niet beschikbaar,Niet beschikbaar
Men's Outdoor Gloves,Niet beschikbaar,Niet beschikbaar
Men's Outdoor Gloves,Niet beschikbaar,Niet beschikbaar
Men's Outdoor Gloves,Niet beschikbaar,Niet beschikbaar
Men's Outdoor Gloves,Niet beschikbaar,Niet beschikbaar
Men's Outdoor Gloves,Niet beschikbaar,Niet beschikbaar
Men's Outdoor Gloves,Reusch Connor R-TEX XT Men's Gloves Black,"['Waterproof', 'Windproof', 'Warm', '100% polyester', 'Brand: Reusch']"
Men's Outdoor Gloves,FREE SOLDIER Outdoor Gloves Tactical Training Gloves Mountaineering Gloves Fingerless Gloves Mountaineering Trekking Work Military Gloves,"['Material: the motorcycle gloves are made of elastic spandex fabric and wear-resistant microfiber fabric. moping gloves The palm is made of non-slip and hard-wearing suede and is very suitable for motorcycling and climbing. The armour protection is made of PC material, which can protect your hands well while training the army.', 'Features: The breathing holes of the training gloves on the fingers ensure wearing comfort and quick drying. Strong and lightweight equipment provides excellent protection, ideal for military and tactical purposes. Elastic spandex fabric and ergonomic design make the glove flexible, comfortable and adapt well to your hands, good for outdoor sports and work.', 'Function: the tactical glove is scratch-resistant, impact-resistant, non-slip, durable and provides excellent protection, protect your hands from wear and tear when outdoor sports and working. The climbing gloves provide protection and dexterity at the same time and are ideal for various outdoor activities and work. They can also be used as airsoft gloves and scooter', 'Design: the motorcycle gloves have unique features and refined design, on the back of the gloves there is finger joint protection and breathable, waterproof and wear-resistant eyes, the thumb side uses comfortable fabric and allows you to wipe the sweat. The palms are made of non-slip suede, comfortable and natural, no smell. The Velcro design on the wrist allows easy adjustment of the tactical military gloves.', 'Applicable and guarantee: the sports gloves can be used for various outdoor activities such as camping, hiking, cycling, motorcycling, hunting, climbing, mountain hiking, training. Quality guaranteed by at least 3 months warranty. Please feel free to email us if you have any questions. We will reply you within 24 hours.', 'What components are included: 1 x gloves']"
Men's Outdoor Gloves,"3-vinger handschoenen Discovery Gore-TEX Touch-TEC™ Lobster warm, waterdicht","['Excellent heat power for cold days', 'guaranteed waterproof gloves', 'High breathability and excellent air circulation', 'With touchscreen functionality for smartphones and tablets', 'High-quality product from the glove specialist Reusch']"
Men's Outdoor Gloves,Niet beschikbaar,Niet beschikbaar
Men's Outdoor Gloves,Niet beschikbaar,Niet beschikbaar
Men's Outdoor Gloves,Reusch Russel Touch-tec Men's Gloves,"['Warm.', 'Touch Tec', 'Highly breathable.', '75% polyester, 20% polyamide, 5% polyurethane.', 'Brand:Reusch']"
Men's Outdoor Gloves,Niet beschikbaar,Niet beschikbaar
Men's Outdoor Gloves,Niet beschikbaar,Niet beschikbaar
Men's Outdoor Gloves,Niet beschikbaar,Niet beschikbaar
Men's Outdoor Gloves,Seer,"['The sporty, warm cross-country flobsters Uzomios AW Touch Lobster keep your hands pleasantly warm thanks to the pleasant padding of lavalan wool – while at the same time high breathability', 'The elastic softshell material protects the hand from cooling due to cool wind. The tactile palm ensures optimal power transmission on the stick', 'Thumb and palm are additionally reinforced with an inner hand patch – for optimal load capacity', 'With the integrated touch function, touch screens can be controlled without having to pull out the lobsters', 'The neoprene cuffs close comfortably on the wrist']"
Men's Outdoor Gloves,Niet beschikbaar,Niet beschikbaar
Men's Outdoor Gloves,Niet beschikbaar,Niet beschikbaar
Women's Outdoor Tops & Tees,JAKO T-shirt Doubletex ladies T-shirts,"['Double layer jersey', 'VORTEX yarn technology', 'Washable at 60 C', '60 C industrial wash according to DIN EN ISO 15797', 'Round neck ribbed collar']"
Women's Outdoor Tops & Tees,Niet beschikbaar,Niet beschikbaar
Women's Outdoor Tops & Tees,"icyzone Sports Shirt Women Short Sleeves,Open Back T Shirt Breathable and Quick Dry Elastic Yoga Gym Running","[""√ icyzone women's top - round collar, open back, breathable T-shirt"", '√ Functional T-Shirt - This sports shirt is made of quick-drying material, which significantly reduces sweat accumulation', '√ Material: soft, stretchy fabric, which feels very comfortable on the skin', 'Practical short-sleeved shirt - ideal for gym, yoga, jogging, Zumba class or training. Also suitable for daily use', '√ Size of T-shirts - S = 34-36; M = 38-40; L = 40-42; XL = 42-44. The last picture on the left shows a size chart; please select the size according to this photo']"
Women's Outdoor Tops & Tees,Niet beschikbaar,Niet beschikbaar
Women's Outdoor Tops & Tees,Niet beschikbaar,Niet beschikbaar
Women's Outdoor Tops & Tees,Niet beschikbaar,Niet beschikbaar
Women's Outdoor Tops & Tees,"Deaviya Women's Sports T-Shirt, Gym, Yoga, T-Shirts, Fitness, Running Sports, T-Shirt, Women's Crew Neck, Short Sleeves, Women's Athletic, Casual","['The fabric of this training shirt is breathable, quick-drying and soft, keeps cool and comfortable all day long and provides extra comfort.', 'The loose sports shirt for women is ideal for jeans, shorts, leggings or for casual work in trousers.', 'Side slit and high low rounded hem shape your body well, Deaviya sports top ladies makes your legs look slim.', ""Suitable for various indoor or outdoor activities. Deaviya women's fitness shirts are suitable for yoga, running, zumba, training, aerobics, jogging, running, hiking, climbing, trekking, cycling, fishing, golf, etc., all kinds of fitness and daily use."", 'NOTE: Please check the size details carefully and follow the size chart before purchasing. Hand wash or machine wash in cold water. Do not dry or dry at low temperature, do not bleach.']"
Women's Outdoor Tops & Tees,Niet beschikbaar,Niet beschikbaar
Women's Outdoor Tops & Tees,Niet beschikbaar,Niet beschikbaar
Women's Outdoor Tops & Tees,Niet beschikbaar,Niet beschikbaar
Women's Outdoor Tops & Tees,Niet beschikbaar,Niet beschikbaar
Women's Outdoor Tops & Tees,Niet beschikbaar,Niet beschikbaar
Women's Outdoor Tops & Tees,Under Armour UA Tech 2.0 Long Sleeve Half Zip Sports Shirt Sporty Long Sleeve Quick Dry Long Sleeve Shirt for Men,"['UA Tech fabric is quick-drying, ultra-soft and feels very natural', 'The material wicks sweat away and dries very quickly', 'Spacious half front zip allows for simple layers', 'Streamlined fit and shaped hem', 'Loose fit for complete comfort.']"
Women's Outdoor Tops & Tees,"NIKE PARK 20 Women, girls. T-shirt, Anthracite/White/White","['T-shirt for training or presentation', 'Light elastic properties', 'round neck', 'Large Nike logo print']"
Women's Outdoor Tops & Tees,Niet beschikbaar,Niet beschikbaar
Women's Outdoor Tops & Tees,Niet beschikbaar,Niet beschikbaar
Women's Outdoor Tops & Tees,Niet beschikbaar,Niet beschikbaar
Women's Outdoor Tops & Tees,CRZ YOGA Women's Sports Short Sleeve Top Summer Light Yoga T-Shirt Round Neck Breathable Fitness Top,"['Super soft, skin-friendly and breathable, keeping you more comfortable', 'Loose fit, hip length: long enough to cover the hip, but not too long', 'Classic round neck design, tagless collar for comfort and easy to move', 'Basic short-sleeved shirt with long curved hem, easy to combine with any pants', 'Lightweight and stretchy Pima cotton fabric, ideal for yoga, pilates, sports or daily use']"
Women's Outdoor Tops & Tees,Niet beschikbaar,Niet beschikbaar
Women's Outdoor Tops & Tees,Niet beschikbaar,Niet beschikbaar
Women's Outdoor Tops & Tees,Niet beschikbaar,Niet beschikbaar
Women's Outdoor Tops & Tees,Joma Akademie Women's Short Sleeve T-Shirt,"['Machine safe', 'High quality material', 'Brand Details', 'Offers comfort and freedom of movement']"
Women's Outdoor Tops & Tees,Niet beschikbaar,Niet beschikbaar
Women's Outdoor Tops & Tees,Niet beschikbaar,Niet beschikbaar
Women's Outdoor Tops & Tees,Niet beschikbaar,Niet beschikbaar
Women's Outdoor Tops & Tees,Niet beschikbaar,Niet beschikbaar
Women's Outdoor Tops & Tees,Niet beschikbaar,Niet beschikbaar
Women's Outdoor Tops & Tees,Niet beschikbaar,Niet beschikbaar
Women's Outdoor Tops & Tees,Niet beschikbaar,Niet beschikbaar
Women's Outdoor Tops & Tees,Niet beschikbaar,Niet beschikbaar
Women's Outdoor Tops & Tees,Niet beschikbaar,Niet beschikbaar
Women's Outdoor Tops & Tees,"icyzone Women's Sport T-Shirt Openback Running Gym Top Short Sleeve Shirts, 2-Pack","['√ Back with slit, can be worn open or buttoned for a more snug fit', '√ Open back design allows you to show off your sports bra while fresh air enters during intense moments', '√ The fabric is soft, breathable and elastic, without compromising the fit', '√ Whether you are indoors or outdoors, this tank top is always ready for relaxation', '√ Ideal for sports and leisure activities such as yoga, meditation exercises, fitness, pilates, jogging or a day at the beach']"
Women's Outdoor Tops & Tees,Niet beschikbaar,Niet beschikbaar
Women's Outdoor Tops & Tees,Niet beschikbaar,Niet beschikbaar
Women's Outdoor Tops & Tees,Niet beschikbaar,Niet beschikbaar
Women's Outdoor Tops & Tees,"Under Armour Tech T-shirt Women Short Sleeve, Black","['UA Tech fabric is quick-drying, ultra-soft and has a more natural feel', 'Material wicks sweat and dries very quickly', '4-way stretch construction moves better in any direction', 'Anti-odor technology prevents the growth of odor-causing microbes']"
Women's Outdoor Tops & Tees,icyzone Sports T-shirt Women Short Sleeve Running Shirt Breathable Fitness Gym Shirt Quick Dry Functional Shirt (3 Packs),"[""√ Women's short sleeve sports shirt: classic round neck and minimalist look, perfect for everyday wear and sports activities"", '√ No annoying label on the neck, soft and comfortable to wear', '√ Functional shirts – this running shirt is made of quick-drying material, which significantly reduces sweat formation', ""√ Comfortable fit: this women's sports shirt offers more freedom of movement during training and ensures a very comfortable fit without being skin-tight"", ""Practical short-sleeved shirt: this women's fitness shirt can be used in indoor and outdoor activities such as jogging, hiking, cycling, yoga, zumba course or strength training in the gym""]"
Women's Outdoor Tops & Tees,Niet beschikbaar,Niet beschikbaar
Women's Outdoor Tops & Tees,Niet beschikbaar,Niet beschikbaar
Women's Outdoor Tops & Tees,MTNROO KBG Hajime No Ippo Vintage T Shirt Cotton Men T Shirt New TEE TSHIRT Womens Tops,"['✅[Size] Please read the size chart carefully before purchasing. This is the Chinese size, which may be smaller than your usual size. Please refer to our detailed size chart to choose the size that best suits your height and weight', '✅ [Sports fabric] The hoodie is made of polyester fabric, comfortable and breathable, not easy to pill, and the fabric is skin-friendly. The best choice of clothing for long-term exercise. (Not bleach and dry).', ""Multifunctional men's hoodie suitable for all outdoor and indoor sports, such as football, cycling, running, fitness, sports training or daily casual wear, is very suitable for daily exercise, strength training, cycling, basketball, spring, summer and autumn football or other outdoor sports."", '✅ A gift for family and friends, especially young people. Suitable for women/men/girls/boys.', '✅ [After-sale Service] If you have any questions, please contact us immediately and we will reply you within 24 hours!']"
Women's Outdoor Tops & Tees,icyzone Women's Fitness Sports T-Shirt Short Sleeve Running Shirt Training Gym Function Shirt Pack of 2,"['√ This set with two sporty T-shirts has a flattering fit and is breathable', '√ No annoying label on the neck, soft and comfortable to wear', '√ Moisture-wicking tech stretch material keeps you comfortable and dry', '√ Smooth and solid sewing thread, reduces irritation during exercise and shows reliable quality', 'Ideal for yoga, jogging, hiking, badminton or strength training in the gym. Also for everyday wear, the T-shirt looks beautiful']"
Women's Outdoor Tops & Tees,Niet beschikbaar,Niet beschikbaar
Women's Outdoor Tops & Tees,Niet beschikbaar,Niet beschikbaar
Women's Outdoor Tops & Tees,Niet beschikbaar,Niet beschikbaar
Women's Outdoor Tops & Tees,Niet beschikbaar,Niet beschikbaar
Women's Outdoor Tops & Tees,Niet beschikbaar,Niet beschikbaar
Women's Outdoor Tops & Tees,Niet beschikbaar,Niet beschikbaar
Women's Outdoor Tops & Tees,Niet beschikbaar,Niet beschikbaar
Women's Outdoor Trousers,Niet beschikbaar,Niet beschikbaar
Women's Outdoor Trousers,Niet beschikbaar,Niet beschikbaar
Women's Outdoor Trousers,FJÄLLRÄVEN Women's Compression Pants Abisko Trekking Tights Pro W,"[""women's pants"", 'sports pants', 'Trekking Tights']"
Women's Outdoor Trousers,Niet beschikbaar,Niet beschikbaar
Women's Outdoor Trousers,Niet beschikbaar,Niet beschikbaar
Women's Outdoor Trousers,Niet beschikbaar,Niet beschikbaar
Women's Outdoor Trousers,Fjällräven Karla Pro Curved Women's Outdoor Pants,"['Durable trekking trousers', 'Technical cut with contoured legs and knees', 'One leg pocket with zipper', 'A leg pocket with knot', 'Mobile Phone Case', 'Two side pockets', 'Two back pockets with knotted flaps']"
Women's Outdoor Trousers,Niet beschikbaar,Niet beschikbaar
Women's Outdoor Trousers,Maier Sports Inara Women's Slim 3/4 Bermuda Shorts,"['The practical functional trousers Inara Slim 3/4 offer a perfect fit. The bi-elastic material of 90% PA and 10% El can be stretched in all four directions. With the alstic waistband incl. The belt sits firmly around the waist and is very comfortable to wear', 'Thanks to the narrow cut of the feminine fit, the tasteful outdoor trousers make an excellent figure both on mountain hiking and on a cozy city walk', 'The excellent UV protection with UPF 50+ protects your skin from sunlight and proves itself especially on longer trips', 'The robust material is water-repellent, breathable and very quick drying thanks to Dryprotect. The perfect condition for a trip in wind and weather', 'These high-quality slim fit capri trousers from Maier Sports combine functionality with a modern design. It impresses with versatility and weather protection']"
Women's Outdoor Trousers,Libin Women's Sweatpants Sweatpants with Pockets Tracksuit Bottoms Long Tapered Running Trousers Sports Trousers Casual Pants Jogger Pants,"['Breathable fabric: Super lightweight, quick-drying, breathable and upf 50+ fabric, light Water resistant capacity; it helps to drain moisture and dry quickly, helps keep you dry and cool.', 'Elastic waistband and elastic cuff: wide elastic waistband with drawstring ensures a comfortable and adjustable fit. Thanks to the strengthening technology of the waistband to prevent curls, these jogger pants provide a comfortable sports environment for you.', 'Zip pockets: Two side pockets with zip for your phones, keys and cards safe.', 'Comfortable design: these comfortable jogging bottoms are a little roomy, but not too baggy so that it does not stick to your skin, but wicks away your sweat quickly and gives you an airy feeling, the loose tapered legs are suitable for casual or athletic.', 'Suitable occasions: perfect for jogging, running, hiking, outdoor, fitness, lounge, athletic, travel, shopping, exercise, fitness, causal wear, etc.']"
Women's Outdoor Trousers,Cycorld Women's Hiking Pants-Convertible Quick-Dry-Stretch-Lightweight Zip-Off Outdoor Pants with 5 Deep Pocket,"['3-in-1 trousers: the hiking trousers for women have a removable zip and trouser legs allow easy changing from trousers to shorts. Or you can easily turn functional trousers with drawstring buttons into 7/8 trousers to adapt to outdoor conditions and weather changes.', ""Durable and 3D tear-resistant design: the women's trekking trousers are made of reinforced cross design with side pleats, which offers extra durability and effectively protects against cracks. The zipper is not broken or glued, more durable."", 'Perfectly embrace your body: the wide and reinforced elastic waistband for women can better embrace your waist, matching your belt loops, the waist width can be adjusted.', '5 multi-functional pockets: the hiking trousers for women have 2 front pockets, 1 leg pocket with zip and 1 covered leg pocket, 1 back pocket with zip, large and deep enough, in which you can safely store your items.', ""Great breathability: the fabric of the women's trekking trousers is very quick-drying to keep the body dry and comfortable. Scratch resistance: it reduces the risk of cutting in open air through branches and other objects. 4-way stretchy lightweight fabric, which gives you the best comfort of movement.""]"
Women's Outdoor Trousers,Niet beschikbaar,Niet beschikbaar
Women's Outdoor Trousers,Niet beschikbaar,Niet beschikbaar
Women's Outdoor Trousers,Niet beschikbaar,Niet beschikbaar
Women's Outdoor Trousers,Niet beschikbaar,Niet beschikbaar
Women's Outdoor Trousers,Niet beschikbaar,Niet beschikbaar
Women's Outdoor Trousers,Niet beschikbaar,Niet beschikbaar
Women's Outdoor Trousers,Niet beschikbaar,Niet beschikbaar
Women's Outdoor Trousers,Niet beschikbaar,Niet beschikbaar
Women's Outdoor Trousers,Niet beschikbaar,Niet beschikbaar
Women's Outdoor Trousers,Niet beschikbaar,Niet beschikbaar
Women's Outdoor Trousers,Niet beschikbaar,Niet beschikbaar
Women's Outdoor Trousers,Niet beschikbaar,Niet beschikbaar
Women's Outdoor Trousers,Niet beschikbaar,Niet beschikbaar
Women's Outdoor Trousers,Niet beschikbaar,Niet beschikbaar
Women's Outdoor Trousers,Niet beschikbaar,Niet beschikbaar
Women's Outdoor Trousers,Niet beschikbaar,Niet beschikbaar
Women's Outdoor Trousers,Niet beschikbaar,Niet beschikbaar
Women's Outdoor Trousers,Niet beschikbaar,Niet beschikbaar
Women's Outdoor Trousers,Columbia Silver Ridge Capri Pants Ladies Capri,"['OMNI-SHADE: UV-blokkerende laag voor milde tot extreme blootstelling aan de zon. Blokkeert schadelijke UVA- en UVB-stralen die zonnebrand en langdurige huidbeschadiging veroorzaken. De strakke weefconstructie biedt duurzame bescherming tegen de zon tegen het volledige spectrum van de zon.', 'OMNI-WICK: Vochtafvoerende technologie voor buiten. Omni-Wick trekt vocht van de huid naar de stof waar het zich over het oppervlak verspreidt om de verdamping te versnellen - voor sneldrogend, verbeterd comfort op de huid.', ""100% GERECYCLED: Je zult je geweldig voelen wetende dat deze capri's zijn gemaakt van 100% gerecycled sneldrogend polyester."", 'Handige kenmerken: inclusief oprolbare zomen met liphouders, twee steekzakken, twee cargozakken en een veelzijdige utilus.', 'ACTIEVE PASVORM: Capris ontworpen met een actieve pasvorm, verkrijgbaar in verschillende kleuren en gebouwd voor ultiem comfort tijdens elk avontuur.']"
Women's Outdoor Trousers,Niet beschikbaar,Niet beschikbaar
Women's Outdoor Trousers,Niet beschikbaar,Niet beschikbaar
Women's Outdoor Trousers,Niet beschikbaar,Niet beschikbaar
Women's Outdoor Trousers,Niet beschikbaar,Niet beschikbaar
Women's Outdoor Trousers,Pinewood ladies Brenton Damen Hose,"['Membrane on the seat and knees down: water column with > 18 mm; breathability: 22 g/M2/24h (ASTM: 8 g/M2/24h).', 'Treated with organic and fluorocarbon-free impregnation – Bionic Finish Eco for extra water and dirt-repellent properties.', '2 vents with zip opening in the thigh and at the leg end.', '4-way stretch for maximum freedom of movement.', 'With shoe hook']"
Women's Outdoor Trousers,Niet beschikbaar,Niet beschikbaar
Women's Outdoor Trousers,Niet beschikbaar,Niet beschikbaar
Women's Outdoor Trousers,Niet beschikbaar,Niet beschikbaar
Women's Outdoor Trousers,Helly Hansen Moss Wandern Ladies Waterproof Jacket,"['Fabric Type: 100 percent polyurethane', 'Package dimensions: 5,334 L x 37,592 H x 29.21 W (cm)', 'Fully wind and waterproof', 'PU fabric construction']"
Women's Outdoor Trousers,Niet beschikbaar,Niet beschikbaar
Women's Outdoor Trousers,"RevolutionRace Nordwand Pants Women, Durable Pants for Hiking and Other Outdoor Activities","['DURABLE HYPERSHELL MATERIAL: Hypershell is a unique material made to withstand heavy wear during intense outdoor activities, extending the life of the fabric and giving you more time to enjoy your hiking wear.', 'MULTIPLE USEFUL BAGS: With two hand pockets, two zip thigh pockets, a back zip pocket and a phone pocket on the right thigh, you will never be short of storage space for small personal items when you go on an adventure.', ""GREAT FIT: Although many women's hiking pants are designed around men, the stretchier and slimmer fit of our RevolutionRace Nordwand pants accentuates the female body and is perfect for hiking by women."", ""MULTIFUNCTIONAL: RevolutionRace Nordwand Pants are extremely versatile and can be used all year round, so you don't have to buy separate outdoor trousers for winter and other lightweight women's trousers for summer."", 'FUN COLORS: Why look like all the other walking women on the trail when our funky colors and prints will set you apart from the rest? We launch new colors each season based on the wishes of our community. Walking for women at its best!']"
Women's Outdoor Trousers,Niet beschikbaar,Niet beschikbaar
Women's Outdoor Trousers,Mammut Women's Shorts Corto Hiking Mujer,"['Lightweight, stretchy material that provides optimal comfort', 'Water repellent due to DWR treatment of the outer fabric', 'Quick drying', '2 side pockets with seamless zipper', 'Back pocket with zipper']"
Women's Outdoor Trousers,Niet beschikbaar,Niet beschikbaar
Women's Outdoor Trousers,Niet beschikbaar,Niet beschikbaar
Women's Outdoor Trousers,Niet beschikbaar,Niet beschikbaar
Women's Outdoor Trousers,Niet beschikbaar,Niet beschikbaar
Women's Outdoor Trousers,Niet beschikbaar,Niet beschikbaar
Women's Hiking & Outdoor Recreation Vests,Niet beschikbaar,Niet beschikbaar
Women's Hiking & Outdoor Recreation Vests,Niet beschikbaar,Niet beschikbaar
Women's Hiking & Outdoor Recreation Vests,Niet beschikbaar,Niet beschikbaar
Women's Hiking & Outdoor Recreation Vests,Niet beschikbaar,Niet beschikbaar
Women's Hiking & Outdoor Recreation Vests,"Regatta Womens Layer-Lite Micro Fleece Bodywarmer/Waistcoat, Black, 64, Black","['Unlined.', 'Assembled.', 'Full-length zip.', 'Two front zip pockets.', 'Open waistband.']"
Women's Hiking & Outdoor Recreation Vests,Niet beschikbaar,Niet beschikbaar
Women's Hiking & Outdoor Recreation Vests,Niet beschikbaar,Niet beschikbaar
Women's Hiking & Outdoor Recreation Vests,Niet beschikbaar,Niet beschikbaar
Women's Hiking & Outdoor Recreation Vests,Niet beschikbaar,Niet beschikbaar
Women's Hiking & Outdoor Recreation Vests,Niet beschikbaar,Niet beschikbaar
Women's Hiking & Outdoor Recreation Vests,Niet beschikbaar,Niet beschikbaar
Women's Hiking & Outdoor Recreation Vests,Niet beschikbaar,Niet beschikbaar
Women's Hiking & Outdoor Recreation Vests,"Songway Washable Women's Heated Vest with 7.4V Battery, 3 Level Adjustable Temperature Electric Heating Vest for Camping, Fishing, Skiing, Unisex Reversible Outdoor Vest","['Protection design: Songway Heated Vest, made of the polar fleece, which retains heat and maintains high comfort. Heated function, good to promote blood circulation and keep warm from the waist, abdomen, back and other body part. It is also the fashional reversible gilet. You can wear the different side (grey or black) according to your clothing match.', 'Heat setting: heated layer has 3 heating zones (the back)with 3 heating temperature settings (low - green, medium - blue, high - red). The temperature can be individually adjusted via 3 heat settings to meet the respective needs in different weather conditions.', 'Strong Function: Songway Heated Clothing is a highly functional piece of equipment for cold climates under harsh conditions. Improve your comfort level and increase your well-being and mobility during snowmobiling, motorcycling, camping, hiking, skiing, skating, hunting, fishing or hiking. Even using indoors, it is still a beautiful and comfortable dress. Wonderful and sweet gift for your mother, sister, grandmother, girlfriends, employees, etc.', ""High quality battery: Come with the 7.4 Volt Power Bank, let this women's battery heated vest provide more heat power to users, and work effectively up to 8 hours."", 'Easy care: durable fabric and carbon fiber heating elements are completely safe for the washing machine.']"
Women's Hiking & Outdoor Recreation Vests,Niet beschikbaar,Niet beschikbaar
Women's Hiking & Outdoor Recreation Vests,Niet beschikbaar,Niet beschikbaar
Women's Hiking & Outdoor Recreation Vests,Niet beschikbaar,Niet beschikbaar
Women's Hiking & Outdoor Recreation Vests,ICEPEAK BRUSH ladies bodywarmer,"['Icepeak cardigan for women', 'Structure details and protective materials make the product functional in any situation, regardless of the weather', 'Water column and breathability of the material: 10 mm 5,000 mvp. The product provides weather protection, but at the same time is pleasantly elastic', 'Shaped hem. Practical pockets', 'Softshell is a functional material for various outdoor activities', 'Fabric Type: 100% PES']"
Women's Hiking & Outdoor Recreation Vests,"DAN DISCOUNTS Tactical Vest with Plate Carrier, Army Fans, Tactical Vest, Cs Feld Swat Tactical Vest for Camping, Hiking, CS Field, Outdoor","['Plate carrier vest with high density 1000D polyester material, strong tensile strength and wear-resistant, comfortable and durable. This adjustable military vest is lightweight, durable, breathable and waterproof. Very pleasant and can also be easily adjusted.', 'Item size: adjustable for adults, S-XXXXL: the maximum waist is 145 cm, the smallest waist is 89 cm. The longest length is 57 cm. The shortest length is 52 cm. It can be adjusted to the shoulder and waist size. Please refer to the information details before ordering.', 'Multifunctional tactical vest: has many detachable pockets and Velcro fastening, drain holes and elastic, excellent plug-in systems, so it is well organized when you play the CS game.', 'military tactical vest 360° protective material, one-sided double protective insulation, non-slip, safer.', 'A great tactical vest, just for more fun and reliability for your airsoft, paintball, hunting, wages, sports etc. The tactical vest is robust and ideal for CS game, airsoft, paintball, fighting and combat.']"
Women's Hiking & Outdoor Recreation Vests,Niet beschikbaar,Niet beschikbaar
Women's Hiking & Outdoor Recreation Vests,Niet beschikbaar,Niet beschikbaar
Women's Hiking & Outdoor Recreation Vests,Niet beschikbaar,Niet beschikbaar
Women's Hiking & Outdoor Recreation Vests,Niet beschikbaar,Niet beschikbaar
Women's Hiking & Outdoor Recreation Vests,Niet beschikbaar,Niet beschikbaar
Women's Hiking & Outdoor Recreation Vests,Niet beschikbaar,Niet beschikbaar
Women's Hiking & Outdoor Recreation Vests,Niet beschikbaar,Niet beschikbaar
Women's Hiking & Outdoor Recreation Vests,Niet beschikbaar,Niet beschikbaar
Women's Hiking & Outdoor Recreation Vests,Niet beschikbaar,Niet beschikbaar
Women's Hiking & Outdoor Recreation Vests,Niet beschikbaar,Niet beschikbaar
Women's Hiking & Outdoor Recreation Vests,Niet beschikbaar,Niet beschikbaar
Women's Hiking & Outdoor Recreation Vests,Niet beschikbaar,Niet beschikbaar
Women's Hiking & Outdoor Recreation Vests,Niet beschikbaar,Niet beschikbaar
Women's Hiking & Outdoor Recreation Vests,Niet beschikbaar,Niet beschikbaar
Women's Hiking & Outdoor Recreation Vests,Niet beschikbaar,Niet beschikbaar
Women's Hiking & Outdoor Recreation Vests,Niet beschikbaar,Niet beschikbaar
Women's Hiking & Outdoor Recreation Vests,Niet beschikbaar,Niet beschikbaar
Women's Hiking & Outdoor Recreation Vests,Niet beschikbaar,Niet beschikbaar
Women's Hiking & Outdoor Recreation Vests,Niet beschikbaar,Niet beschikbaar
Women's Hiking & Outdoor Recreation Vests,Niet beschikbaar,Niet beschikbaar
Women's Hiking & Outdoor Recreation Vests,Niet beschikbaar,Niet beschikbaar
Women's Hiking & Outdoor Recreation Vests,Niet beschikbaar,Niet beschikbaar
Women's Hiking & Outdoor Recreation Vests,Niet beschikbaar,Niet beschikbaar
Women's Hiking & Outdoor Recreation Vests,Niet beschikbaar,Niet beschikbaar
Women's Hiking & Outdoor Recreation Vests,Niet beschikbaar,Niet beschikbaar
Women's Hiking & Outdoor Recreation Vests,Niet beschikbaar,Niet beschikbaar
Women's Hiking & Outdoor Recreation Vests,Niet beschikbaar,Niet beschikbaar
Women's Hiking & Outdoor Recreation Vests,Niet beschikbaar,Niet beschikbaar
Women's Hiking & Outdoor Recreation Vests,Niet beschikbaar,Niet beschikbaar
Women's Hiking & Outdoor Recreation Vests,Niet beschikbaar,Niet beschikbaar
